{
    "loss": 0.683708518743515,
    "accuracy": 0.75,
    "precision_binary": 0.0,
    "recall_binary": 0.0,
    "f1_binary": 0.0,
    "precision_macro": 0.375,
    "recall_macro": 0.5,
    "f1_macro": 0.42857142857142855
}