{
    "loss": 0.866733910722865,
    "accuracy": 0.7958115183246073,
    "precision_binary": 0.373134328358209,
    "recall_binary": 0.25,
    "f1_binary": 0.2994011976047904,
    "precision_macro": 0.6124564922423456,
    "recall_macro": 0.5806025369978858,
    "f1_macro": 0.5899457469127118
}