{
    "loss": 0.2680207591296898,
    "accuracy": 0.904424778761062,
    "precision_binary": 0.65,
    "recall_binary": 0.8666666666666667,
    "f1_binary": 0.7428571428571429,
    "precision_macro": 0.8115168539325843,
    "recall_macro": 0.8891228070175439,
    "f1_macro": 0.8420807453416149
}