{
    "train_loss": [
        0.46184578780956126
    ],
    "train_acc": [
        0.7476280834914611
    ],
    "val_loss": [
        0.866733910722865
    ],
    "val_f1": [
        0.2994011976047904
    ],
    "val_acc": [
        0.7958115183246073
    ]
}